source_href	chapter_title	text_chars	candidate_anchors	has_chapter_end_note	machine_topics	review_status
Text/chapter7.html	第1章 恶隶	2231	0	0		unanchored;machine-scanned
Text/chapter8.html	第2章 桐城	4128	0	0		unanchored;machine-scanned
Text/chapter9.html	第3章 退婚	3235	0	0	舆论与误判	unanchored;machine-scanned
Text/chapter10.html	第4章 白胡子老爷爷	3880	0	0	舆论与误判	unanchored;machine-scanned
Text/chapter11.html	第5章 月半	2403	0	0		unanchored;machine-scanned
Text/chapter12.html	第6章 南监	2550	0	0	公门权责,人物关系	unanchored;machine-scanned
Text/chapter13.html	第7章 匣床	4666	0	0	人物关系,舆论与误判,普通生活	unanchored;machine-scanned
Text/chapter14.html	第8章 申明亭	2206	5	0	公门权责	candidate-anchored;machine-scanned
Text/chapter15.html	第9章 调解	2949	0	0		unanchored;machine-scanned
Text/chapter16.html	第10章 按揭	4178	0	0		unanchored;machine-scanned
Text/chapter17.html	第11章 干一行爱一行	2949	0	0	人物关系	unanchored;machine-scanned
Text/chapter18.html	第12章 六扇门	6004	2	0	公门权责	candidate-anchored;machine-scanned
Text/chapter19.html	第13章 官威	6235	5	0	公门权责,舆论与误判	candidate-anchored;machine-scanned
Text/chapter20.html	第14章 仗义	3672	5	0	公门权责,舆论与误判	candidate-anchored;machine-scanned
Text/chapter21.html	第15章 家奴	5497	0	0	舆论与误判	unanchored;machine-scanned
Text/chapter22.html	第16章 小鞋	3528	0	0	人物关系	unanchored;machine-scanned
Text/chapter23.html	第17章 站队	4245	0	0	公门权责,舆论与误判	unanchored;machine-scanned
Text/chapter24.html	第18章 和买	5077	5	0	公门权责,舆论与误判,普通生活	candidate-anchored;machine-scanned
Text/chapter25.html	第19章 估值	3343	0	0	普通生活	unanchored;machine-scanned
Text/chapter26.html	第20章 发愤图强	4339	0	0	公门权责	unanchored;machine-scanned
Text/chapter27.html	第21章 明珠蒙尘	3837	0	0	公门权责	unanchored;machine-scanned
Text/chapter28.html	第22章 渡劫	3568	0	0	舆论与误判	unanchored;machine-scanned
Text/chapter29.html	第23章 小红人	5689	0	0	公门权责,人物关系,舆论与误判	unanchored;machine-scanned
Text/chapter30.html	第24章 漏雨	4496	0	1	公门权责,人物关系,舆论与误判,作者注释	unanchored;machine-scanned;note-indexed
Text/chapter31.html	第25章 大江	3170	0	0		unanchored;machine-scanned
Text/chapter32.html	第26章 雨中人	4389	0	0	舆论与误判	unanchored;machine-scanned
Text/chapter33.html	第27章 后门	4827	0	0	公门权责,人物关系	unanchored;machine-scanned
Text/chapter34.html	第28章 户房	4072	0	0	公门权责,制度与执行	unanchored;machine-scanned
Text/chapter35.html	第29章 催缴	6670	3	0	普通生活	candidate-anchored;machine-scanned
Text/chapter36.html	第30章 吏目	4795	0	0	公门权责,舆论与误判,普通生活	unanchored;machine-scanned
Text/chapter37.html	第31章 民情	5974	4	0	公门权责	candidate-anchored;machine-scanned
Text/chapter38.html	第32章 好人	3764	0	0	人物关系,普通生活	unanchored;machine-scanned
Text/chapter39.html	第33章 勒索	4839	0	0	公门权责,人物关系,舆论与误判	unanchored;machine-scanned
Text/chapter40.html	第34章 机缘	4442	0	0	人物关系	unanchored;machine-scanned
Text/chapter41.html	第35章 风起	5597	4	0	公门权责,舆论与误判	candidate-anchored;machine-scanned
Text/chapter42.html	第36章 避难	3479	0	1	公门权责,人物关系,舆论与误判,作者注释	unanchored;machine-scanned;note-indexed
Text/chapter43.html	第37章 散沙	4341	0	0	公门权责	unanchored;machine-scanned
Text/chapter44.html	第38章 打劫	4417	0	0	舆论与误判	unanchored;machine-scanned
Text/chapter45.html	第39章 招安	6042	4	0	公门权责,人物关系	candidate-anchored;machine-scanned
Text/chapter46.html	第40章 心思	4088	0	1	公门权责,作者注释	unanchored;machine-scanned;note-indexed
Text/chapter47.html	第41章 异想	3786	0	1	人物关系,作者注释	unanchored;machine-scanned;note-indexed
Text/chapter48.html	第42章 士绅	3901	0	0	公门权责,舆论与误判	unanchored;machine-scanned
Text/chapter49.html	第43章 汇集	4784	4	1	作者注释	candidate-anchored;machine-scanned;note-indexed
Text/chapter50.html	第44章 物理	3703	0	1	舆论与误判,作者注释	unanchored;machine-scanned;note-indexed
Text/chapter51.html	第45章 设局	5905	0	1	公门权责,人物关系,舆论与误判,作者注释	unanchored;machine-scanned;note-indexed
Text/chapter52.html	第46章 时机	5592	0	0	公门权责,人物关系,舆论与误判	unanchored;machine-scanned
Text/chapter53.html	第47章 自缚	4557	0	1	舆论与误判,作者注释	unanchored;machine-scanned;note-indexed
Text/chapter54.html	第48章 血殿	3888	0	0	舆论与误判	unanchored;machine-scanned
Text/chapter55.html	第49章 暗黑	4625	0	1	作者注释	unanchored;machine-scanned;note-indexed
Text/chapter56.html	第50章 掌控	4700	0	0	舆论与误判	unanchored;machine-scanned
Text/chapter57.html	第51章 凶残	4991	0	0	公门权责,人物关系,舆论与误判	unanchored;machine-scanned
Text/chapter58.html	第52章 跌落	4345	0	0	舆论与误判	unanchored;machine-scanned
Text/chapter59.html	第53章 张扬	3804	0	0		unanchored;machine-scanned
Text/chapter60.html	第54章 平乱	4660	0	1	公门权责,舆论与误判,作者注释	unanchored;machine-scanned;note-indexed
Text/chapter61.html	第55章 首功	4564	0	0	公门权责	unanchored;machine-scanned
Text/chapter62.html	第56章 庞班头	5774	4	0	公门权责,普通生活	candidate-anchored;machine-scanned
Text/chapter63.html	第57章 公道	3880	0	0	人物关系	unanchored;machine-scanned
Text/chapter64.html	第58章 大事	5877	0	0	公门权责	unanchored;machine-scanned
Text/chapter65.html	第59章 缉凶	4583	0	0	公门权责,普通生活	unanchored;machine-scanned
Text/chapter66.html	第60章 迷雾	4735	5	0	公门权责,舆论与误判	candidate-anchored;machine-scanned
Text/chapter67.html	第61章 和解	3527	0	0	公门权责	unanchored;machine-scanned
Text/chapter68.html	第62章 狂生	3740	0	0	舆论与误判	unanchored;machine-scanned
Text/chapter69.html	第63章 漩涡	5522	0	0	公门权责,舆论与误判	unanchored;machine-scanned
Text/chapter70.html	第64章 来客	3129	0	0	公门权责	unanchored;machine-scanned
Text/chapter71.html	第65章 中介	4556	0	0	公门权责	unanchored;machine-scanned
Text/chapter72.html	第66章 顶首	3574	0	0	公门权责,舆论与误判	unanchored;machine-scanned
Text/chapter73.html	第67章 阴阳	4717	0	0	公门权责,普通生活	unanchored;machine-scanned
Text/chapter74.html	第68章 编制	3785	5	0	公门权责,制度与执行	candidate-anchored;machine-scanned
Text/chapter75.html	第69章 生意	3254	0	0	人物关系	unanchored;machine-scanned
Text/chapter76.html	第70章 泽社	5287	0	1	公门权责,舆论与误判,普通生活,作者注释	unanchored;machine-scanned;note-indexed
Text/chapter77.html	第71章 钞法	4021	0	1	财政信用,作者注释	unanchored;machine-scanned;note-indexed
Text/chapter78.html	第72章 阮导	5632	0	0	舆论与误判,普通生活	unanchored;machine-scanned
Text/chapter79.html	第73章 风骨	3164	0	1	作者注释	unanchored;machine-scanned;note-indexed
Text/chapter80.html	第74章 新知县	4462	0	0	舆论与误判	unanchored;machine-scanned
Text/chapter81.html	第75章 官贷	3182	2	0	普通生活	candidate-anchored;machine-scanned
Text/chapter82.html	第76章 名声	3896	0	0	舆论与误判	unanchored;machine-scanned
Text/chapter83.html	第77章 初仕	4023	0	0	公门权责	unanchored;machine-scanned
Text/chapter84.html	第78章 一把火	3767	0	0	公门权责	unanchored;machine-scanned
Text/chapter85.html	第79章 壮班	3986	0	0		unanchored;machine-scanned
Text/chapter86.html	第80章 静立	4509	0	0	舆论与误判	unanchored;machine-scanned
Text/chapter87.html	第81章 群体	3809	0	0		unanchored;machine-scanned
Text/chapter88.html	第82章 马快	4770	5	0	舆论与误判	candidate-anchored;machine-scanned
Text/chapter89.html	第83章 大坑	3735	0	0		unanchored;machine-scanned
Text/chapter90.html	第84章 守策	4495	0	0	舆论与误判	unanchored;machine-scanned
Text/chapter91.html	第85章 西人	3047	0	1	公门权责,作者注释	unanchored;machine-scanned;note-indexed
Text/chapter92.html	第86章 混乱	3376	0	0	公门权责	unanchored;machine-scanned
Text/chapter93.html	第87章 不设防	3575	0	0	公门权责	unanchored;machine-scanned
Text/chapter94.html	第88章 投柜	3296	0	0	公门权责	unanchored;machine-scanned
Text/chapter95.html	第89章 光时亨	3187	0	1	作者注释	unanchored;machine-scanned;note-indexed
Text/chapter96.html	第90章 逃丁	3068	0	0	舆论与误判	unanchored;machine-scanned
Text/chapter97.html	第91章 赌档	4558	0	0	普通生活	unanchored;machine-scanned
Text/chapter98.html	第92章 早课	3552	0	0		unanchored;machine-scanned
Text/chapter99.html	第93章 棍神	3892	0	0		unanchored;machine-scanned
Text/chapter100.html	第94章 神棍	3037	0	0		unanchored;machine-scanned
Text/chapter101.html	第95章 腊八	3740	0	0	公门权责	unanchored;machine-scanned
Text/chapter102.html	第96章 红袍	3768	0	1	人物关系,作者注释	unanchored;machine-scanned;note-indexed
Text/chapter103.html	第97章 奖品	3478	0	0		unanchored;machine-scanned
Text/chapter104.html	第98章 命案	5348	0	0		unanchored;machine-scanned
Text/chapter105.html	第99章 凶恶	4810	0	0		unanchored;machine-scanned
Text/chapter106.html	第100章 追索	3617	0	0	公门权责	unanchored;machine-scanned
Text/chapter107.html	第101章 警信	4230	0	0	人物关系,舆论与误判	unanchored;machine-scanned
Text/chapter108.html	第102章 接近	3273	0	0	公门权责,舆论与误判	unanchored;machine-scanned
Text/chapter109.html	第103章 同袍	3335	0	0	舆论与误判	unanchored;machine-scanned
Text/chapter110.html	第104章 王法	5385	0	0	公门权责,舆论与误判,普通生活	unanchored;machine-scanned
Text/chapter111.html	第105章 两全	4253	0	0	舆论与误判	unanchored;machine-scanned
Text/chapter112.html	第106章 老爷	4560	0	0	人物关系,舆论与误判	unanchored;machine-scanned
Text/chapter113.html	第107章 侦骑	5300	0	1	作者注释	unanchored;machine-scanned;note-indexed
Text/chapter114.html	第108章 城门	3790	0	0	舆论与误判	unanchored;machine-scanned
Text/chapter115.html	第109章 城头	4357	0	0	舆论与误判	unanchored;machine-scanned
Text/chapter116.html	第110章 道旁	4638	0	1	人物关系,舆论与误判,作者注释	unanchored;machine-scanned;note-indexed
Text/chapter117.html	第111章 重兵	3428	0	1	舆论与误判,作者注释	unanchored;machine-scanned;note-indexed
Text/chapter118.html	第112章 革里眼	2774	0	0		unanchored;machine-scanned
Text/chapter119.html	第113章 竹梯	3719	0	0		unanchored;machine-scanned
Text/chapter120.html	第114章 火雨	3709	0	0	公门权责	unanchored;machine-scanned
Text/chapter121.html	第115章 偷城	5044	0	1	舆论与误判,作者注释	unanchored;machine-scanned;note-indexed
Text/chapter122.html	第116章 死敌	4969	0	0	人物关系	unanchored;machine-scanned
Text/chapter123.html	第117章 圆筒	3621	0	0		unanchored;machine-scanned
Text/chapter124.html	第118章 重器	3507	0	0		unanchored;machine-scanned
Text/chapter125.html	第119章 登城	4024	0	0		unanchored;machine-scanned
Text/chapter126.html	第120章 铁人	3679	0	0		unanchored;machine-scanned
Text/chapter127.html	第121章 池塘	2703	0	0		unanchored;machine-scanned
Text/chapter128.html	第122章 河道	4673	0	0	舆论与误判	unanchored;machine-scanned
Text/chapter129.html	第123章　夜	3495	0	0	舆论与误判	unanchored;machine-scanned
Text/chapter130.html	第124章　前驱	3318	0	0		unanchored;machine-scanned
Text/chapter131.html	第125章 退潮	2622	1	0		candidate-anchored;machine-scanned
Text/chapter132.html	第126章　向西	2727	0	0		unanchored;machine-scanned
Text/chapter133.html	第127章 宿松	3991	0	0	公门权责	unanchored;machine-scanned
Text/chapter134.html	第128章 天杀	4430	0	0	公门权责,舆论与误判	unanchored;machine-scanned
Text/chapter135.html	第129章 往生	5145	4	0	舆论与误判	candidate-anchored;machine-scanned
Text/chapter137.html	第130章 大山	2818	0	1	作者注释	unanchored;machine-scanned;note-indexed
Text/chapter138.html	第131章 问官	2928	0	0	公门权责	unanchored;machine-scanned
Text/chapter139.html	第132章 市场	4737	3	0	公门权责,舆论与误判	candidate-anchored;machine-scanned
Text/chapter140.html	第133章 旧识	3532	0	0		unanchored;machine-scanned
Text/chapter141.html	第134章 战绩	3404	0	0	公门权责	unanchored;machine-scanned
Text/chapter142.html	第135章 码头	3023	0	0	公门权责	unanchored;machine-scanned
Text/chapter143.html	第135章 残营	2772	0	0		unanchored;machine-scanned
Text/chapter144.html	第137章 仓子	4283	0	0	舆论与误判	unanchored;machine-scanned
Text/chapter145.html	第138章 安庆	4462	0	0	财政信用	unanchored;machine-scanned
Text/chapter146.html	第139章 守备	3645	0	1	作者注释	unanchored;machine-scanned;note-indexed
Text/chapter147.html	第140章 水系	3284	0	0	公门权责	unanchored;machine-scanned
Text/chapter148.html	第141章 活口	4336	0	0	公门权责,普通生活	unanchored;machine-scanned
Text/chapter149.html	第142章 故事	3447	0	0	公门权责	unanchored;machine-scanned
Text/chapter150.html	第143章 交易	4365	0	0	舆论与误判	unanchored;machine-scanned
Text/chapter151.html	第144章 江徒	3069	0	0		unanchored;machine-scanned
Text/chapter152.html	第145章 芜湖	3060	0	0		unanchored;machine-scanned
Text/chapter153.html	第146章 上新河	3585	0	0		unanchored;machine-scanned
Text/chapter154.html	第147章 掮客	4731	0	1	公门权责,舆论与误判,作者注释	unanchored;machine-scanned;note-indexed
Text/chapter155.html	第148章 捐监	4055	0	0	公门权责	unanchored;machine-scanned
Text/chapter156.html	第149章 远镜	4193	0	1	舆论与误判,作者注释	unanchored;machine-scanned;note-indexed
Text/chapter157.html	第150章 通几	3271	0	0	人物关系,舆论与误判	unanchored;machine-scanned
Text/chapter158.html	第151章 前夜	3468	0	0	舆论与误判	unanchored;machine-scanned
Text/chapter159.html	第152章 军门	3369	0	1	公门权责,作者注释	unanchored;machine-scanned;note-indexed
Text/chapter160.html	第153章 访谈	3263	0	0	舆论与误判	unanchored;machine-scanned
Text/chapter161.html	第154章 前途	2765	0	0		unanchored;machine-scanned
Text/chapter162.html	第155章 巧工	4910	0	1	舆论与误判,作者注释	unanchored;machine-scanned;note-indexed
Text/chapter163.html	第156章 三百两	3310	0	0	公门权责	unanchored;machine-scanned
Text/chapter164.html	第157章 开解	3257	0	0		unanchored;machine-scanned
Text/chapter165.html	第158章 借船出海	3282	0	0	舆论与误判	unanchored;machine-scanned
Text/chapter166.html	第159章 返程	3191	0	0	舆论与误判	unanchored;machine-scanned
Text/chapter167.html	第160章 旧人	3245	4	0	人物关系,舆论与误判	candidate-anchored;machine-scanned
Text/chapter168.html	第161章 从军	3550	0	0		unanchored;machine-scanned
Text/chapter169.html	第162章 落选	3254	0	0	人物关系	unanchored;machine-scanned
Text/chapter170.html	第163章 军律	3016	0	0		unanchored;machine-scanned
Text/chapter171.html	第164章 烂摊子	3623	0	0	公门权责,舆论与误判	unanchored;machine-scanned
Text/chapter172.html	第165章 校场	4912	0	0	公门权责,制度与执行,舆论与误判	unanchored;machine-scanned
Text/chapter173.html	第166章 小较	3634	0	0		unanchored;machine-scanned
Text/chapter174.html	第167章 投靠	3787	0	0		unanchored;machine-scanned
Text/chapter175.html	第168章 通缩	3173	0	0	普通生活	unanchored;machine-scanned
Text/chapter176.html	第169章 高升	3427	4	0		candidate-anchored;machine-scanned
Text/chapter177.html	第170章 书办	3140	0	0	公门权责	unanchored;machine-scanned
Text/chapter178.html	第171章 开漕	2886	0	0	公门权责	unanchored;machine-scanned
Text/chapter179.html	第172章 夜码头	4074	0	0		unanchored;machine-scanned
Text/chapter180.html	第173章 大江船行	3574	0	0	普通生活	unanchored;machine-scanned
Text/chapter181.html	第174章 费用	3261	4	0	公门权责	candidate-anchored;machine-scanned
Text/chapter182.html	第175章 时刊	2996	0	0	公门权责,舆论与误判	unanchored;machine-scanned
Text/chapter183.html	第176章 形态	3936	0	0		unanchored;machine-scanned
Text/chapter184.html	第177章 质押	4316	0	0	公门权责,人物关系,舆论与误判	unanchored;machine-scanned
Text/chapter185.html	第178章 融资	3657	4	0	公门权责,人物关系,财政信用	candidate-anchored;machine-scanned
Text/chapter186.html	第179章 银庄	3727	4	0	财政信用,普通生活	candidate-anchored;machine-scanned
Text/chapter187.html	第180章 例会	4368	3	0	公门权责,财政信用	candidate-anchored;machine-scanned
Text/chapter188.html	第181章 兵备	4873	0	0	公门权责,舆论与误判	unanchored;machine-scanned
Text/chapter189.html	第182章 暴雨	3074	0	0		unanchored;machine-scanned
Text/chapter190.html	第183章 雷鸣	3989	0	0	财政信用	unanchored;machine-scanned
Text/chapter191.html	第184章 生机	3253	0	0	公门权责	unanchored;machine-scanned
Text/chapter192.html	第185章 畏我	3157	0	0	公门权责,财政信用	unanchored;machine-scanned
Text/chapter193.html	第186章 军情	5148	0	0	财政信用,舆论与误判	unanchored;machine-scanned
Text/chapter194.html	第187章 策略	3377	0	0		unanchored;machine-scanned
Text/chapter195.html	第188章 心中之城	3267	0	0	舆论与误判	unanchored;machine-scanned
Text/chapter196.html	第189章 犹豫	3759	0	0	舆论与误判	unanchored;machine-scanned
Text/chapter197.html	第190章 埋伏	4242	0	0	舆论与误判	unanchored;machine-scanned
Text/chapter198.html	第191章 意外	4002	0	0	舆论与误判	unanchored;machine-scanned
Text/chapter199.html	第192章 狭路	3152	0	0		unanchored;machine-scanned
Text/chapter200.html	第193章 交锋	3162	0	0		unanchored;machine-scanned
Text/chapter201.html	第194章 伏兵	3580	0	0	舆论与误判	unanchored;machine-scanned
Text/chapter202.html	第195章 报道	4015	0	0	舆论与误判	unanchored;machine-scanned
Text/chapter203.html	第196章 堵截	3134	0	0		unanchored;machine-scanned
Text/chapter204.html	第197章 遇伏	3955	1	0		candidate-anchored;machine-scanned
Text/chapter205.html	第197章 固阵	4388	0	0	舆论与误判	unanchored;machine-scanned
Text/chapter206.html	第199章 汹涌	4073	0	0	舆论与误判	unanchored;machine-scanned
Text/chapter207.html	第200章 灵宝	3341	5	0	人物关系	candidate-anchored;machine-scanned
Text/chapter208.html	第201章 拦路	3761	0	0	公门权责	unanchored;machine-scanned
Text/chapter209.html	第202章 天赐	3427	0	0	舆论与误判	unanchored;machine-scanned
Text/chapter210.html	第203章 气度	3136	0	0	普通生活	unanchored;machine-scanned
Text/chapter211.html	第204章 杂务	3915	0	0	公门权责	unanchored;machine-scanned
Text/chapter212.html	第205章　水营	3921	0	0	舆论与误判	unanchored;machine-scanned
Text/chapter213.html	第206章 福分	3791	0	0	公门权责	unanchored;machine-scanned
Text/chapter214.html	第207章 整顿	4983	0	0	舆论与误判	unanchored;machine-scanned
Text/chapter215.html	第208章 西境	4736	0	0	公门权责	unanchored;machine-scanned
Text/chapter216.html	第209章 石牌	3316	0	1	作者注释	unanchored;machine-scanned;note-indexed
Text/chapter217.html	第210章 城楼	6844	0	1	财政信用,舆论与误判,作者注释	unanchored;machine-scanned;note-indexed
Text/chapter218.html	第211章 军力	5236	0	1	公门权责,财政信用,作者注释	unanchored;machine-scanned;note-indexed
Text/chapter219.html	第212章 考核	4485	0	0	制度与执行,舆论与误判	unanchored;machine-scanned
Text/chapter220.html	第213章 文化	4887	0	0	公门权责,舆论与误判	unanchored;machine-scanned
Text/chapter221.html	第214章 群殴	4072	0	0		unanchored;machine-scanned
Text/chapter222.html	第215章 急令	4152	0	0	普通生活	unanchored;machine-scanned
Text/chapter223.html	第216章 对策	4473	0	0	舆论与误判	unanchored;machine-scanned
Text/chapter224.html	第217章 虚兵	3413	0	0		unanchored;machine-scanned
Text/chapter225.html	第218章 惑敌	3576	0	0	公门权责	unanchored;machine-scanned
Text/chapter226.html	第219章 路遇	3201	0	0	人物关系	unanchored;machine-scanned
Text/chapter227.html	第220章 群鸦	5065	0	0	人物关系,财政信用	unanchored;machine-scanned
Text/chapter228.html	第221章 年前	3026	0	0	人物关系	unanchored;machine-scanned
Text/chapter229.html	第222章 两难	3718	0	0	财政信用	unanchored;machine-scanned
Text/chapter230.html	第223章 和州	4333	0	0		unanchored;machine-scanned
Text/chapter231.html	第224章 假扮	3722	0	1	作者注释	unanchored;machine-scanned;note-indexed
Text/chapter232.html	第225章 寒夜	4893	0	1	人物关系,作者注释	unanchored;machine-scanned;note-indexed
Text/chapter233.html	第226章 惊魂	4360	0	1	舆论与误判,作者注释	unanchored;machine-scanned;note-indexed
Text/chapter234.html	第227章 鸭子	5005	0	1	人物关系,舆论与误判,作者注释	unanchored;machine-scanned;note-indexed
Text/chapter235.html	第228章 寒江	4043	0	0	普通生活	unanchored;machine-scanned
Text/chapter236.html	第229章 前哨	3519	0	0		unanchored;machine-scanned
Text/chapter237.html	第230章 信用	6462	4	1	财政信用,舆论与误判,普通生活,作者注释	candidate-anchored;machine-scanned;note-indexed
Text/chapter238.html	第231章 年关	3851	0	0	舆论与误判	unanchored;machine-scanned
Text/chapter239.html	第232章 船队	3472	0	1	作者注释	unanchored;machine-scanned;note-indexed
Text/chapter240.html	第233章 刀枪	3791	0	1	作者注释	unanchored;machine-scanned;note-indexed
Text/chapter241.html	第234章 小巷	4957	0	0		unanchored;machine-scanned
Text/chapter242.html	第235章 猛虎	4611	0	0		unanchored;machine-scanned
Text/chapter243.html	第236章 箭头	3627	0	0		unanchored;machine-scanned
Text/chapter244.html	第237章 桥头	3904	0	0		unanchored;machine-scanned
Text/chapter245.html	第238章 街战	3715	0	0		unanchored;machine-scanned
Text/chapter246.html	第239章 尸山	5069	0	0		unanchored;machine-scanned
Text/chapter247.html	第240章 炮袭	3364	0	0	舆论与误判	unanchored;machine-scanned
Text/chapter248.html	第241章 人选	3986	0	0		unanchored;machine-scanned
Text/chapter249.html	第242章 闯王	3789	0	1	作者注释	unanchored;machine-scanned;note-indexed
Text/chapter250.html	第243章 过江	4019	0	0		unanchored;machine-scanned
Text/chapter251.html	第244章 战报	3505	0	0	财政信用,舆论与误判	unanchored;machine-scanned
Text/chapter252.html	第245章 条件	3911	0	0		unanchored;machine-scanned
Text/chapter253.html	第246章 追贼	3899	0	0	公门权责,舆论与误判	unanchored;machine-scanned
Text/chapter254.html	第247章 为之	2928	0	1	作者注释	unanchored;machine-scanned;note-indexed
Text/chapter255.html	第248章 东葛驿	3906	0	0		unanchored;machine-scanned
Text/chapter256.html	第249章 陈于王	3461	0	0		unanchored;machine-scanned
Text/chapter257.html	第250章 曹操	4159	4	0		candidate-anchored;machine-scanned
Text/chapter258.html	第251章 突袭	3217	0	0		unanchored;machine-scanned
Text/chapter259.html	第252章 老营	3877	0	0		unanchored;machine-scanned
Text/chapter260.html	第253章 夜哨	3654	0	0		unanchored;machine-scanned
Text/chapter261.html	第254章 生路	4916	0	1	作者注释	unanchored;machine-scanned;note-indexed
Text/chapter262.html	第255章 面孔	3570	0	0		unanchored;machine-scanned
Text/chapter263.html	第256章 渡河	3056	0	0		unanchored;machine-scanned
Text/chapter264.html	第257章 向北	3582	0	0	舆论与误判	unanchored;machine-scanned
Text/chapter265.html	第258章 先锋	3436	0	0		unanchored;machine-scanned
Text/chapter266.html	第259章 击发	3235	0	0		unanchored;machine-scanned
Text/chapter267.html	第260章 赛点	3380	0	0		unanchored;machine-scanned
Text/chapter268.html	第261章 破阵	3168	0	0		unanchored;machine-scanned
Text/chapter269.html	第262章 夺生	4284	0	0		unanchored;machine-scanned
Text/chapter270.html	第263章 野渡	3982	0	0		unanchored;machine-scanned
Text/chapter271.html	第264章 关山	4191	0	0		unanchored;machine-scanned
Text/chapter272.html	第265章 争抢	3588	0	0		unanchored;machine-scanned
Text/chapter273.html	第266章 大局	4740	0	0		unanchored;machine-scanned
Text/chapter274.html	第267章 人口	4415	4	0	人物关系	candidate-anchored;machine-scanned
Text/chapter275.html	第268章 市场	3647	0	0		unanchored;machine-scanned
Text/chapter276.html	第269章 伤科	3467	0	0	舆论与误判	unanchored;machine-scanned
Text/chapter277.html	第270章 形象	4318	5	0	财政信用,舆论与误判,普通生活	candidate-anchored;machine-scanned
Text/chapter278.html	第271章 少年	3222	0	0		unanchored;machine-scanned
Text/chapter279.html	第272章 高论	4697	0	0	舆论与误判	unanchored;machine-scanned
Text/chapter280.html	第273章 酒令	4611	0	0	舆论与误判	unanchored;machine-scanned
Text/chapter281.html	第274章 外婆	4397	0	0	财政信用	unanchored;machine-scanned
Text/chapter282.html	第275章 合作	3561	0	0	财政信用,舆论与误判	unanchored;machine-scanned
Text/chapter283.html	第276章 奢华	4771	5	0	财政信用,舆论与误判	candidate-anchored;machine-scanned
Text/chapter284.html	第277章 武人	4636	0	0	公门权责,财政信用,普通生活	unanchored;machine-scanned
Text/chapter285.html	第278章 良方	4492	0	0	舆论与误判	unanchored;machine-scanned
Text/chapter286.html	第279章 算计	5055	0	0	舆论与误判	unanchored;machine-scanned
Text/chapter287.html	第280章 御门	3724	0	0		unanchored;machine-scanned
Text/chapter288.html	第281章 念咒	4113	0	0		unanchored;machine-scanned
Text/chapter289.html	第282章 营地	3775	0	1	作者注释	unanchored;machine-scanned;note-indexed
Text/chapter290.html	第283章 改编	3148	0	0		unanchored;machine-scanned
Text/chapter291.html	第284章 天时	4482	0	0	舆论与误判	unanchored;machine-scanned
Text/chapter292.html	第285章 管事	4488	0	0		unanchored;machine-scanned
Text/chapter293.html	第286章 高升	3540	0	0	财政信用	unanchored;machine-scanned
Text/chapter294.html	第287章 同袍之谊	3797	0	0		unanchored;machine-scanned
Text/chapter295.html	第288章 新编	3894	0	0	舆论与误判	unanchored;machine-scanned
Text/chapter296.html	第289章 误差	3898	0	0	财政信用,舆论与误判	unanchored;machine-scanned
Text/chapter297.html	第290章 正气	4086	0	1	人物关系,作者注释	unanchored;machine-scanned;note-indexed
Text/chapter298.html	第291章 阉党	4373	0	0		unanchored;machine-scanned
Text/chapter299.html	第292章 眼线	4379	0	0	财政信用	unanchored;machine-scanned
Text/chapter300.html	第293章 头绪	4501	0	0	公门权责,舆论与误判	unanchored;machine-scanned
Text/chapter301.html	第294章 神采	4393	0	1	财政信用,作者注释	unanchored;machine-scanned;note-indexed
Text/chapter302.html	第295章 暂借	4202	0	1	作者注释	unanchored;machine-scanned;note-indexed
Text/chapter303.html	第296章 接收	3722	0	1	公门权责,作者注释	unanchored;machine-scanned;note-indexed
Text/chapter304.html	第297章 精明	3957	0	0	公门权责	unanchored;machine-scanned
Text/chapter305.html	第298章 要账	3311	0	0	公门权责	unanchored;machine-scanned
Text/chapter306.html	第299章 贺词	4048	0	0	公门权责,财政信用	unanchored;machine-scanned
Text/chapter307.html	第300章 经验	3985	2	1	舆论与误判,作者注释	candidate-anchored;machine-scanned;note-indexed
Text/chapter308.html	第301章 考核	4760	0	0	制度与执行	unanchored;machine-scanned
Text/chapter309.html	第302章 好事	5394	0	0	舆论与误判	unanchored;machine-scanned
Text/chapter310.html	第303章 开张	3972	0	1	财政信用,作者注释	unanchored;machine-scanned;note-indexed
Text/chapter311.html	第304章 中枢	3037	0	0		unanchored;machine-scanned
Text/chapter312.html	第305章 冬夜	2840	0	1	人物关系,作者注释	unanchored;machine-scanned;note-indexed
Text/chapter313.html	第306章 令信	3823	0	0	公门权责	unanchored;machine-scanned
Text/chapter314.html	第307章 专责	3707	0	0		unanchored;machine-scanned
Text/chapter315.html	第308章 策略	4418	0	0		unanchored;machine-scanned
Text/chapter316.html	第309章 危局	2641	0	0		unanchored;machine-scanned
Text/chapter317.html	第310章 江山	2717	2	0	制度与执行	candidate-anchored;machine-scanned
Text/chapter318.html	第311章 孤注	4360	0	0	财政信用	unanchored;machine-scanned
Text/chapter319.html	第312章 退路	6175	0	1	舆论与误判,作者注释	unanchored;machine-scanned;note-indexed
Text/chapter320.html	第313章 左帅	3916	0	0		unanchored;machine-scanned
Text/chapter321.html	第314章 云集	3621	0	0	公门权责,舆论与误判	unanchored;machine-scanned
Text/chapter322.html	第315章 分寸	4272	0	0	舆论与误判	unanchored;machine-scanned
Text/chapter323.html	第316章 难测	4978	0	1	舆论与误判,作者注释	unanchored;machine-scanned;note-indexed
Text/chapter324.html	第317章 靠山	4229	0	1	作者注释	unanchored;machine-scanned;note-indexed
Text/chapter325.html	第318章 极致	3499	0	0		unanchored;machine-scanned
Text/chapter326.html	第319章 开花	4443	0	0		unanchored;machine-scanned
Text/chapter327.html	第320章 风险	5515	0	0	舆论与误判	unanchored;machine-scanned
Text/chapter328.html	第321章 不跋扈	2653	0	1	作者注释	unanchored;machine-scanned;note-indexed
Text/chapter329.html	第322章 捉生	3763	0	0	人物关系	unanchored;machine-scanned
Text/chapter330.html	第323章 漩涡	2237	0	0		unanchored;machine-scanned
Text/chapter331.html	第324章 信得过	5495	0	0	舆论与误判	unanchored;machine-scanned
Text/chapter332.html	第325章 变化	4180	0	0		unanchored;machine-scanned
Text/chapter333.html	第326章 围攻	4112	0	0		unanchored;machine-scanned
Text/chapter334.html	第327章 汇合	4093	0	0	舆论与误判	unanchored;machine-scanned
Text/chapter335.html	第328章 隘口	4724	0	0		unanchored;machine-scanned
Text/chapter336.html	第329章 在途	3367	0	1	作者注释	unanchored;machine-scanned;note-indexed
Text/chapter337.html	第330章 镇内	3804	0	0	人物关系	unanchored;machine-scanned
Text/chapter338.html	第331章 选择	3956	0	0	人物关系,舆论与误判,普通生活	unanchored;machine-scanned
Text/chapter339.html	第332章 人山	3395	0	0		unanchored;machine-scanned
Text/chapter340.html	第333章 墨烟铺	3952	0	1	人物关系,作者注释	unanchored;machine-scanned;note-indexed
Text/chapter341.html	第334章 包围	3782	0	0	舆论与误判	unanchored;machine-scanned
Text/chapter342.html	第335章 勿忧	3896	0	0		unanchored;machine-scanned
Text/chapter343.html	第336章 杀贼	4424	0	0	人物关系	unanchored;machine-scanned
Text/chapter344.html	第337章 车马河	3087	0	0		unanchored;machine-scanned
Text/chapter345.html	第338章 布阵	3442	0	0		unanchored;machine-scanned
Text/chapter346.html	第339章 西翼	3280	0	0		unanchored;machine-scanned
Text/chapter347.html	第340章 小炮	3919	0	0	人物关系,舆论与误判	unanchored;machine-scanned
Text/chapter348.html	第341章 妖炮	4178	0	0		unanchored;machine-scanned
Text/chapter349.html	第342章 全线	3778	0	0		unanchored;machine-scanned
Text/chapter350.html	第343章 包围	4481	0	0		unanchored;machine-scanned
Text/chapter351.html	第344章 惊吓	3633	0	0	人物关系	unanchored;machine-scanned
Text/chapter352.html	第345章 混战	4702	0	0		unanchored;machine-scanned
Text/chapter353.html	第346章 重装	2894	0	0		unanchored;machine-scanned
Text/chapter354.html	第347章 疯狂	3848	0	0	舆论与误判	unanchored;machine-scanned
Text/chapter355.html	第348章 援兵	3704	0	0		unanchored;machine-scanned
Text/chapter356.html	第349章 恶战	3759	0	0		unanchored;machine-scanned
Text/chapter357.html	第350章 抉择	4296	0	0	普通生活	unanchored;machine-scanned
Text/chapter358.html	第351章 伤兵	4159	0	0		unanchored;machine-scanned
Text/chapter359.html	第352章 告捷	5096	0	0		unanchored;machine-scanned
Text/chapter360.html	第353章 孤身	3362	0	0		unanchored;machine-scanned
Text/chapter361.html	第354章 飞斧	4660	0	0		unanchored;machine-scanned
Text/chapter362.html	第355章 前程	3549	0	1	作者注释	unanchored;machine-scanned;note-indexed
Text/chapter363.html	第356章 谋划	4004	0	1	公门权责,财政信用,作者注释	unanchored;machine-scanned;note-indexed
Text/chapter364.html	第357章 条件	5539	0	0	舆论与误判	unanchored;machine-scanned
Text/chapter365.html	第358章 善后	3806	4	0	公门权责,财政信用	candidate-anchored;machine-scanned
Text/chapter366.html	第359章 关系	3715	0	0		unanchored;machine-scanned
Text/chapter367.html	第360章 召对	5240	5	0	舆论与误判	candidate-anchored;machine-scanned
Text/chapter368.html	第361章 商量	4359	0	1	舆论与误判,作者注释	unanchored;machine-scanned;note-indexed
Text/chapter369.html	第362章 路卡	3464	0	1	作者注释	unanchored;machine-scanned;note-indexed
Text/chapter370.html	第363章 汇报	3595	0	0		unanchored;machine-scanned
Text/chapter371.html	第364章 早花	4154	0	0	公门权责	unanchored;machine-scanned
Text/chapter372.html	第365章 不缺	4316	0	0	人物关系,舆论与误判	unanchored;machine-scanned
Text/chapter373.html	第366章 沿江	3874	0	0	财政信用,舆论与误判	unanchored;machine-scanned
Text/chapter374.html	第367章 颓丧	5702	0	0	财政信用,舆论与误判	unanchored;machine-scanned
Text/chapter375.html	第368章 错误	4491	0	1	舆论与误判,作者注释	unanchored;machine-scanned;note-indexed
Text/chapter376.html	第369章 米袋	4687	0	0	舆论与误判,普通生活	unanchored;machine-scanned
Text/chapter377.html	第370章 孤单	4001	0	0		unanchored;machine-scanned
Text/chapter378.html	第371章 威风	3946	2	0	人物关系,舆论与误判	candidate-anchored;machine-scanned
Text/chapter379.html	第372章 交代	4349	0	0	舆论与误判	unanchored;machine-scanned
Text/chapter380.html	第373章 方法	3770	0	0	制度与执行,舆论与误判	unanchored;machine-scanned
Text/chapter381.html	第374章 到任	3597	0	0	舆论与误判	unanchored;machine-scanned
Text/chapter382.html	第375章 夜会	4349	0	0	制度与执行	unanchored;machine-scanned
Text/chapter383.html	第376章 得法	3558	0	0	人物关系	unanchored;machine-scanned
Text/chapter384.html	第377章 招抚	4810	0	0		unanchored;machine-scanned
Text/chapter385.html	第378章 文武	4292	0	0		unanchored;machine-scanned
Text/chapter386.html	第379章 故旧	3304	0	0		unanchored;machine-scanned
Text/chapter387.html	第380章 汰换	4106	5	0	公门权责	candidate-anchored;machine-scanned
Text/chapter388.html	第381章 出征	3720	0	0	制度与执行	unanchored;machine-scanned
Text/chapter389.html	第382章 见敌	3793	0	0	人物关系	unanchored;machine-scanned
Text/chapter390.html	第383章 年关	3869	0	0		unanchored;machine-scanned
Text/chapter391.html	第384章 饱饭	4961	0	0	人物关系,舆论与误判,普通生活	unanchored;machine-scanned
Text/chapter392.html	第385章 队伍	4348	0	0	人物关系,舆论与误判	unanchored;machine-scanned
Text/chapter393.html	第386章 堂议	7900	3	0	人物关系,舆论与误判	candidate-anchored;machine-scanned
Text/chapter395.html	第387章 三卷序	5219	2	0	舆论与误判	candidate-anchored;machine-scanned
Text/chapter396.html	第388章 薄雾	3723	0	0	财政信用,舆论与误判	unanchored;machine-scanned
Text/chapter397.html	第389章 暖阁	5927	0	0	公门权责,财政信用,舆论与误判	unanchored;machine-scanned
Text/chapter398.html	第390章 奈何	4792	0	0		unanchored;machine-scanned
Text/chapter399.html	第391章 试探	4362	0	1	作者注释	unanchored;machine-scanned;note-indexed
Text/chapter400.html	第392章 面见	4947	0	0	人物关系,舆论与误判	unanchored;machine-scanned
Text/chapter401.html	第393章 好诗	3689	0	0	人物关系,舆论与误判	unanchored;machine-scanned
Text/chapter402.html	第394章 办差	5514	0	0	人物关系	unanchored;machine-scanned
Text/chapter403.html	第395章 婆子	4673	0	0	人物关系,舆论与误判,普通生活	unanchored;machine-scanned
Text/chapter404.html	第396章 大夫	4241	0	0	公门权责,人物关系	unanchored;machine-scanned
Text/chapter405.html	第397章 学问	3432	0	1	作者注释	unanchored;machine-scanned;note-indexed
Text/chapter406.html	第398章 迷梦	3285	0	0	人物关系,舆论与误判	unanchored;machine-scanned
Text/chapter407.html	第399章 光亮	3550	0	0		unanchored;machine-scanned
Text/chapter408.html	第400章 骨血	5330	0	1	人物关系,作者注释	unanchored;machine-scanned;note-indexed
Text/chapter409.html	第401章 浮渡	5582	0	0		unanchored;machine-scanned
Text/chapter410.html	第402章 贺喜	4113	0	0		unanchored;machine-scanned
Text/chapter411.html	第403章 一张纸	4112	0	0	财政信用	unanchored;machine-scanned
Text/chapter412.html	第404章 姻缘	6065	0	0	舆论与误判	unanchored;machine-scanned
Text/chapter413.html	第405章 城府	4926	0	0	财政信用	unanchored;machine-scanned
Text/chapter414.html	第408章 白银	4952	0	0	财政信用	unanchored;machine-scanned
Text/chapter415.html	第409章 讨价	4291	4	0	财政信用	candidate-anchored;machine-scanned
Text/chapter416.html	第410章 要务	3325	0	0	财政信用,舆论与误判	unanchored;machine-scanned
Text/chapter417.html	第411章 阵线	7158	0	0	财政信用,舆论与误判	unanchored;machine-scanned
Text/chapter418.html	第412章 心事	3772	0	0	舆论与误判	unanchored;machine-scanned
Text/chapter419.html	第413章 水训	3292	0	0		unanchored;machine-scanned
Text/chapter420.html	第414章 人才	4429	0	0		unanchored;machine-scanned
Text/chapter421.html	第415章 预备	3796	0	0		unanchored;machine-scanned
Text/chapter422.html	第416章 戒严	4219	0	0		unanchored;machine-scanned
Text/chapter423.html	第417章 瓦房	4764	5	0		candidate-anchored;machine-scanned
Text/chapter424.html	第418章 军议	3328	0	0	财政信用	unanchored;machine-scanned
Text/chapter425.html	第419章 锋锐	4898	0	0		unanchored;machine-scanned
Text/chapter426.html	第420章 变化	3794	5	0	人物关系,财政信用	candidate-anchored;machine-scanned
Text/chapter427.html	第421章 可忧	3591	0	0	舆论与误判	unanchored;machine-scanned
Text/chapter428.html	第422章 万全	3449	0	0	舆论与误判	unanchored;machine-scanned
Text/chapter429.html	第423章 定计	4479	0	1	作者注释	unanchored;machine-scanned;note-indexed
Text/chapter430.html	第424章 一身	3578	0	0	舆论与误判	unanchored;machine-scanned
Text/chapter431.html	第425章 一身	4518	0	1	作者注释	unanchored;machine-scanned;note-indexed
Text/chapter432.html	第426章 南下	6505	0	0	舆论与误判	unanchored;machine-scanned
Text/chapter433.html	第427章 众议	4411	0	0	公门权责,舆论与误判	unanchored;machine-scanned
Text/chapter434.html	第428章 实行	3986	0	0	财政信用	unanchored;machine-scanned
Text/chapter435.html	第429章 战功	4473	0	1	财政信用,作者注释	unanchored;machine-scanned;note-indexed
Text/chapter436.html	第430章 真定	4331	3	0	舆论与误判	candidate-anchored;machine-scanned
Text/chapter437.html	第431章 推论	3625	0	0		unanchored;machine-scanned
Text/chapter438.html	第432章 情报	3928	0	0		unanchored;machine-scanned
Text/chapter439.html	第433章 伪报	4832	0	0		unanchored;machine-scanned
Text/chapter440.html	第434章 阴影	3698	0	1	作者注释	unanchored;machine-scanned;note-indexed
Text/chapter441.html	第435章 初战	5241	0	0		unanchored;machine-scanned
Text/chapter442.html	第436章 评语	3727	2	0	舆论与误判	candidate-anchored;machine-scanned
Text/chapter443.html	第437章 不易	3735	0	0		unanchored;machine-scanned
Text/chapter444.html	第438章 孤影	4819	0	0		unanchored;machine-scanned
Text/chapter445.html	第439章 调度	3954	0	1	舆论与误判,作者注释	unanchored;machine-scanned;note-indexed
Text/chapter446.html	第440章 威县	3625	0	0	舆论与误判	unanchored;machine-scanned
Text/chapter447.html	第441章 伏击	3802	0	0		unanchored;machine-scanned
Text/chapter448.html	第442章 林间	3911	0	0		unanchored;machine-scanned
Text/chapter449.html	第443章 猛将	3977	0	0		unanchored;machine-scanned
Text/chapter450.html	第444章 接令	3239	0	0		unanchored;machine-scanned
Text/chapter451.html	第445章 猜测	3926	0	0	舆论与误判	unanchored;machine-scanned
Text/chapter452.html	第446章 疾攻	3719	0	0		unanchored;machine-scanned
Text/chapter453.html	第447章 求生	3430	0	1	人物关系,作者注释	unanchored;machine-scanned;note-indexed
Text/chapter454.html	第448章 博平	3855	0	0	人物关系,财政信用	unanchored;machine-scanned
Text/chapter455.html	第449章 窘迫	5241	0	0	舆论与误判	unanchored;machine-scanned
Text/chapter456.html	第450章 位置	4756	0	0	舆论与误判	unanchored;machine-scanned
Text/chapter457.html	第451章 一阵	3783	0	0		unanchored;machine-scanned
Text/chapter458.html	第452章 号音	4374	0	0	舆论与误判	unanchored;machine-scanned
Text/chapter459.html	第453章 院门	3168	0	0		unanchored;machine-scanned
Text/chapter460.html	第454章 外院	3594	0	0		unanchored;machine-scanned
Text/chapter461.html	第455章 东街	4164	0	0	舆论与误判	unanchored;machine-scanned
Text/chapter462.html	第456章 战神	3561	0	0		unanchored;machine-scanned
Text/chapter463.html	第457章 保障	3355	0	0		unanchored;machine-scanned
Text/chapter464.html	第458章 兄弟	4248	0	0	人物关系	unanchored;machine-scanned
Text/chapter465.html	第459章 连坐	6391	5	1	舆论与误判,作者注释	candidate-anchored;machine-scanned;note-indexed
Text/chapter466.html	第460章 东阿	4892	0	0	制度与执行	unanchored;machine-scanned
Text/chapter467.html	第461章 猎兵	3641	0	0	舆论与误判	unanchored;machine-scanned
Text/chapter469.html	第462章 北门	3825	0	1	作者注释	unanchored;machine-scanned;note-indexed
Text/chapter470.html	第463章 夺门	3095	0	0		unanchored;machine-scanned
Text/chapter471.html	第464章 如火	3601	0	0		unanchored;machine-scanned
Text/chapter472.html	第465章 守城	4615	0	1	作者注释	unanchored;machine-scanned;note-indexed
Text/chapter473.html	第466章 义民	4111	0	0		unanchored;machine-scanned
Text/chapter474.html	第467章 袭城	5352	0	0		unanchored;machine-scanned
Text/chapter475.html	第468章 前哨	4174	0	0		unanchored;machine-scanned
Text/chapter476.html	第469章 暮光	3842	0	0		unanchored;machine-scanned
Text/chapter477.html	第470章 坐骑	3181	0	0	舆论与误判	unanchored;machine-scanned
Text/chapter478.html	第471章 夜战	3202	0	0		unanchored;machine-scanned
Text/chapter479.html	第472章 山林	4315	0	0		unanchored;machine-scanned
Text/chapter480.html	第473章 河道	4666	0	0	舆论与误判	unanchored;machine-scanned
Text/chapter481.html	第474章 雪原	3630	0	0		unanchored;machine-scanned
Text/chapter482.html	第475章 直奏	5480	0	1	舆论与误判,作者注释	unanchored;machine-scanned;note-indexed
Text/chapter483.html	第476章 深宫	3418	0	0		unanchored;machine-scanned
Text/chapter484.html	第477章 名气	3904	0	0	舆论与误判	unanchored;machine-scanned
Text/chapter485.html	第478章 转道	1775	0	0		unanchored;machine-scanned
Text/chapter486.html	第479章 首辅	5095	0	1	舆论与误判,作者注释	unanchored;machine-scanned;note-indexed
Text/chapter487.html	第480章 士气	3757	0	0		unanchored;machine-scanned
Text/chapter488.html	第481章 妥协	5957	0	0		unanchored;machine-scanned
Text/chapter489.html	第482章 间隔	4726	0	1	舆论与误判,作者注释	unanchored;machine-scanned;note-indexed
Text/chapter490.html	第483章 哗然	4877	3	1	舆论与误判,作者注释	candidate-anchored;machine-scanned;note-indexed
Text/chapter491.html	第484章 自问	4859	0	0	舆论与误判	unanchored;machine-scanned
Text/chapter492.html	第485章 抄前	3327	0	0	舆论与误判	unanchored;machine-scanned
Text/chapter493.html	第486章 合作	3491	0	0		unanchored;machine-scanned
Text/chapter494.html	第487章 拜托	3112	0	0		unanchored;machine-scanned
Text/chapter495.html	第488章 一鼓	4525	0	1	作者注释	unanchored;machine-scanned;note-indexed
Text/chapter496.html	第489章 过河	3719	0	0		unanchored;machine-scanned
Text/chapter497.html	第490章 村口	4554	0	0		unanchored;machine-scanned
Text/chapter498.html	第491章 盾列	3687	0	0		unanchored;machine-scanned
Text/chapter499.html	第492章 要点	4261	0	0		unanchored;machine-scanned
Text/chapter500.html	第493章 袭营	4143	0	0		unanchored;machine-scanned
Text/chapter501.html	第494章 未定	5517	0	1	作者注释	unanchored;machine-scanned;note-indexed
Text/chapter502.html	第495章 孤村	6181	0	0		unanchored;machine-scanned
Text/chapter503.html	第496章 防线	4371	0	0		unanchored;machine-scanned
Text/chapter504.html	第497章 推进	5156	0	0		unanchored;machine-scanned
Text/chapter505.html	第498章 盾车	4022	0	0	舆论与误判	unanchored;machine-scanned
Text/chapter506.html	第499章 火铳	3409	0	0		unanchored;machine-scanned
Text/chapter507.html	第500章 北线	4515	0	0		unanchored;machine-scanned
Text/chapter508.html	第501章 巷道	3749	0	0		unanchored;machine-scanned
Text/chapter509.html	第502章 燧石	3353	0	0		unanchored;machine-scanned
Text/chapter510.html	第503章 裂纹	4270	0	0		unanchored;machine-scanned
Text/chapter511.html	第504章 塘马	5379	5	1	作者注释	candidate-anchored;machine-scanned;note-indexed
Text/chapter512.html	第505章 崩溃	3925	0	0		unanchored;machine-scanned
Text/chapter513.html	第506章 河岸	4268	0	0		unanchored;machine-scanned
Text/chapter514.html	第507章 奇功	3870	0	0		unanchored;machine-scanned
Text/chapter515.html	第508章 争夺	3750	0	1	作者注释	unanchored;machine-scanned;note-indexed
Text/chapter516.html	第509章 功劳	4368	0	0		unanchored;machine-scanned
Text/chapter517.html	第510章 弹劾	4780	2	0	舆论与误判	candidate-anchored;machine-scanned
Text/chapter518.html	第511章 照顾	5124	0	1	人物关系,舆论与误判,作者注释	unanchored;machine-scanned;note-indexed
Text/chapter519.html	第512章 面商	3819	0	0		unanchored;machine-scanned
Text/chapter520.html	第513章 蓟州	3903	0	0	舆论与误判	unanchored;machine-scanned
Text/chapter521.html	第514章 交换	3741	0	0		unanchored;machine-scanned
Text/chapter522.html	第515章 联盟	3563	0	0		unanchored;machine-scanned
Text/chapter523.html	第516章 越狱	3560	0	0	人物关系,舆论与误判	unanchored;machine-scanned
Text/chapter524.html	第517章 飞奔	4060	0	0	财政信用,舆论与误判	unanchored;machine-scanned
Text/chapter525.html	第518章 新令	3875	0	1	作者注释	unanchored;machine-scanned;note-indexed
Text/chapter526.html	第519章 波纹	4071	1	0	财政信用	candidate-anchored;machine-scanned
Text/chapter527.html	第520章 先机	4065	0	0	舆论与误判	unanchored;machine-scanned
Text/chapter528.html	第521章 幽暗	4928	0	0	普通生活	unanchored;machine-scanned
Text/chapter529.html	第522章 考较	2591	0	0		unanchored;machine-scanned
Text/chapter530.html	第523章 暗河	3446	0	0	人物关系,舆论与误判	unanchored;machine-scanned
Text/chapter531.html	第524章 管队	3682	0	0	人物关系	unanchored;machine-scanned
Text/chapter532.html	第525章 传警	3561	0	1	作者注释	unanchored;machine-scanned;note-indexed
Text/chapter533.html	第526章 方正	3342	0	0	人物关系	unanchored;machine-scanned
Text/chapter534.html	第527章 对手	3987	0	0		unanchored;machine-scanned
Text/chapter535.html	第528章 功绩	5385	5	0	舆论与误判	candidate-anchored;machine-scanned
Text/chapter536.html	第529章 管队	4278	0	0		unanchored;machine-scanned
Text/chapter537.html	第530章 谈兵	4767	0	0	人物关系,舆论与误判	unanchored;machine-scanned
Text/chapter538.html	第531章 贵宾	4270	0	1	财政信用,作者注释	unanchored;machine-scanned;note-indexed
Text/chapter539.html	第532章 折算	3621	1	0	财政信用	candidate-anchored;machine-scanned
Text/chapter540.html	第533章 版面	4254	2	1	人物关系,财政信用,舆论与误判,作者注释	candidate-anchored;machine-scanned;note-indexed
Text/chapter541.html	第534章 管事	5287	4	0	人物关系,财政信用,舆论与误判	candidate-anchored;machine-scanned